{"cameraMode":{"drawMode":0,"name":"Shaded","section":"Shading Mode"},"sceneLighting":true,"audioPlay":false,"sceneViewState":{"showFog":true,"showMaterialUpdate":false,"showSkybox":true,"showFlares":true,"showImageEffects":true,"showParticleSystems":true},"in2DMode":false,"pivot":{"x":-127.17567443847656,"y":18.994367599487306,"z":113.31867980957031},"rotation":{"x":-0.08357290923595429,"y":-0.8972559571266174,"z":0.19292642176151277,"w":-0.3884561359882355},"size":10.0,"orthographic":false}