{"cameraMode":{"drawMode":0,"name":"Shaded","section":"Shading Mode"},"sceneLighting":true,"audioPlay":false,"sceneViewState":{"showFog":true,"showMaterialUpdate":false,"showSkybox":true,"showFlares":true,"showImageEffects":true,"showParticleSystems":true},"in2DMode":false,"pivot":{"x":-23.451087951660158,"y":-7.611676216125488,"z":2.8967604637145998},"rotation":{"x":-0.15599428117275239,"y":0.6060153245925903,"z":-0.12272468209266663,"w":-0.7702978253364563},"size":28.183025360107423,"orthographic":false}