{"cameraMode":{"drawMode":0,"name":"Shaded","section":"Shading Mode"},"sceneLighting":true,"audioPlay":false,"sceneViewState":{"showFog":true,"showMaterialUpdate":false,"showSkybox":true,"showFlares":true,"showImageEffects":true,"showParticleSystems":true},"in2DMode":false,"pivot":{"x":-2.3843140602111818,"y":0.6816396713256836,"z":-0.5097750425338745},"rotation":{"x":-0.13192449510097505,"y":-0.0068410420790314678,"z":0.0009175617597065866,"w":-0.9912669062614441},"size":2.1073949337005617,"orthographic":false}